{
  "broad": {
    "a=0.5": {
      "n_total": 6400,
      "n_escape": 519,
      "n_penrose": 0,
      "p_escape": 0.08109375,
      "p_penrose": 0.0,
      "ci_penrose": [
        0.0,
        0.0005762213353895955
      ],
      "eta_mean": 0.0,
      "eta_std": 0.0
    },
    "a=0.7": {
      "n_total": 6400,
      "n_escape": 534,
      "n_penrose": 0,
      "p_escape": 0.0834375,
      "p_penrose": 0.0,
      "ci_penrose": [
        0.0,
        0.0005762213353895955
      ],
      "eta_mean": 0.0,
      "eta_std": 0.0
    },
    "a=0.9": {
      "n_total": 6400,
      "n_escape": 892,
      "n_penrose": 2,
      "p_escape": 0.139375,
      "p_penrose": 0.0003125,
      "ci_penrose": [
        3.784744055213186e-05,
        0.0011283967664555352
      ],
      "eta_mean": 0.005220223566625781,
      "eta_std": 0.003408925482116507
    },
    "a=0.95": {
      "n_total": 6400,
      "n_escape": 1249,
      "n_penrose": 61,
      "p_escape": 0.19515625,
      "p_penrose": 0.00953125,
      "ci_penrose": [
        0.007298273250489772,
        0.01222666406376597
      ],
      "eta_mean": 0.0224527390024721,
      "eta_std": 0.01569352663235679
    },
    "a=0.99": {
      "n_total": 6400,
      "n_escape": 1744,
      "n_penrose": 91,
      "p_escape": 0.2725,
      "p_penrose": 0.01421875,
      "ci_penrose": [
        0.011463083965937034,
        0.017429136980012194
      ],
      "eta_mean": 0.029811690933044248,
      "eta_std": 0.037883946662518764
    }
  },
  "focused": {
    "a=0.5": {
      "n_total": 3600,
      "n_escape": 0,
      "n_penrose": 0,
      "p_escape": 0.0,
      "p_penrose": 0.0,
      "ci_penrose": [
        0.0,
        0.0010241639230221269
      ],
      "eta_mean": 0.0,
      "eta_std": 0.0
    },
    "a=0.7": {
      "n_total": 3600,
      "n_escape": 100,
      "n_penrose": 0,
      "p_escape": 0.027777777777777776,
      "p_penrose": 0.0,
      "ci_penrose": [
        0.0,
        0.0010241639230221269
      ],
      "eta_mean": 0.0,
      "eta_std": 0.0
    },
    "a=0.9": {
      "n_total": 3600,
      "n_escape": 671,
      "n_penrose": 21,
      "p_escape": 0.18638888888888888,
      "p_penrose": 0.005833333333333334,
      "ci_penrose": [
        0.003614443870457183,
        0.00890311716026188
      ],
      "eta_mean": 0.005683406374757317,
      "eta_std": 0.004126924130733623
    },
    "a=0.95": {
      "n_total": 3600,
      "n_escape": 948,
      "n_penrose": 403,
      "p_escape": 0.2633333333333333,
      "p_penrose": 0.11194444444444444,
      "ci_penrose": [
        0.1018241709634644,
        0.12269951850939635
      ],
      "eta_mean": 0.024676002915295744,
      "eta_std": 0.014759366795301704
    },
    "a=0.99": {
      "n_total": 3600,
      "n_escape": 2350,
      "n_penrose": 493,
      "p_escape": 0.6527777777777778,
      "p_penrose": 0.13694444444444445,
      "ci_penrose": [
        0.1258734879125275,
        0.14860845315407206
      ],
      "eta_mean": 0.024475297449010096,
      "eta_std": 0.026931422258772358
    }
  },
  "metadata": {
    "generated": "2026-03-30T03:00:30.430642",
    "n_broad_per_spin": 6400,
    "n_focused_per_spin": 3600,
    "broad_E_range": [
      0.95,
      2.0
    ],
    "broad_Lz_range": [
      -3.0,
      6.0
    ],
    "focused_E_range": [
      1.1,
      1.4
    ],
    "focused_Lz_range": [
      2.5,
      3.8
    ],
    "v_e": 0.95,
    "delta_m": 0.2,
    "spins": [
      0.5,
      0.7,
      0.9,
      0.95,
      0.99
    ]
  }
}