{
  "v_e=0.80_dm=0.1": {
    "v_e": 0.8,
    "delta_m": 0.1,
    "n_total": 1000,
    "n_penrose": 0,
    "p_penrose": 0.0,
    "ci_penrose": [
      0.0,
      0.003682083896865671
    ],
    "eta_mean": 0.0
  },
  "v_e=0.80_dm=0.2": {
    "v_e": 0.8,
    "delta_m": 0.2,
    "n_total": 1000,
    "n_penrose": 0,
    "p_penrose": 0.0,
    "ci_penrose": [
      0.0,
      0.003682083896865671
    ],
    "eta_mean": 0.0
  },
  "v_e=0.80_dm=0.3": {
    "v_e": 0.8,
    "delta_m": 0.3,
    "n_total": 1000,
    "n_penrose": 0,
    "p_penrose": 0.0,
    "ci_penrose": [
      0.0,
      0.003682083896865671
    ],
    "eta_mean": 0.0
  },
  "v_e=0.80_dm=0.4": {
    "v_e": 0.8,
    "delta_m": 0.4,
    "n_total": 1000,
    "n_penrose": 0,
    "p_penrose": 0.0,
    "ci_penrose": [
      0.0,
      0.003682083896865671
    ],
    "eta_mean": 0.0
  },
  "v_e=0.81_dm=0.1": {
    "v_e": 0.81,
    "delta_m": 0.1,
    "n_total": 1000,
    "n_penrose": 0,
    "p_penrose": 0.0,
    "ci_penrose": [
      0.0,
      0.003682083896865671
    ],
    "eta_mean": 0.0
  },
  "v_e=0.81_dm=0.2": {
    "v_e": 0.81,
    "delta_m": 0.2,
    "n_total": 1000,
    "n_penrose": 0,
    "p_penrose": 0.0,
    "ci_penrose": [
      0.0,
      0.003682083896865671
    ],
    "eta_mean": 0.0
  },
  "v_e=0.81_dm=0.3": {
    "v_e": 0.81,
    "delta_m": 0.3,
    "n_total": 1000,
    "n_penrose": 0,
    "p_penrose": 0.0,
    "ci_penrose": [
      0.0,
      0.003682083896865671
    ],
    "eta_mean": 0.0
  },
  "v_e=0.81_dm=0.4": {
    "v_e": 0.81,
    "delta_m": 0.4,
    "n_total": 1000,
    "n_penrose": 0,
    "p_penrose": 0.0,
    "ci_penrose": [
      0.0,
      0.003682083896865671
    ],
    "eta_mean": 0.0
  },
  "v_e=0.82_dm=0.1": {
    "v_e": 0.8200000000000001,
    "delta_m": 0.1,
    "n_total": 1000,
    "n_penrose": 0,
    "p_penrose": 0.0,
    "ci_penrose": [
      0.0,
      0.003682083896865671
    ],
    "eta_mean": 0.0
  },
  "v_e=0.82_dm=0.2": {
    "v_e": 0.8200000000000001,
    "delta_m": 0.2,
    "n_total": 1000,
    "n_penrose": 0,
    "p_penrose": 0.0,
    "ci_penrose": [
      0.0,
      0.003682083896865671
    ],
    "eta_mean": 0.0
  },
  "v_e=0.82_dm=0.3": {
    "v_e": 0.8200000000000001,
    "delta_m": 0.3,
    "n_total": 1000,
    "n_penrose": 0,
    "p_penrose": 0.0,
    "ci_penrose": [
      0.0,
      0.003682083896865671
    ],
    "eta_mean": 0.0
  },
  "v_e=0.82_dm=0.4": {
    "v_e": 0.8200000000000001,
    "delta_m": 0.4,
    "n_total": 1000,
    "n_penrose": 0,
    "p_penrose": 0.0,
    "ci_penrose": [
      0.0,
      0.003682083896865671
    ],
    "eta_mean": 0.0
  },
  "v_e=0.83_dm=0.1": {
    "v_e": 0.8300000000000001,
    "delta_m": 0.1,
    "n_total": 1000,
    "n_penrose": 0,
    "p_penrose": 0.0,
    "ci_penrose": [
      0.0,
      0.003682083896865671
    ],
    "eta_mean": 0.0
  },
  "v_e=0.83_dm=0.2": {
    "v_e": 0.8300000000000001,
    "delta_m": 0.2,
    "n_total": 1000,
    "n_penrose": 0,
    "p_penrose": 0.0,
    "ci_penrose": [
      0.0,
      0.003682083896865671
    ],
    "eta_mean": 0.0
  },
  "v_e=0.83_dm=0.3": {
    "v_e": 0.8300000000000001,
    "delta_m": 0.3,
    "n_total": 1000,
    "n_penrose": 0,
    "p_penrose": 0.0,
    "ci_penrose": [
      0.0,
      0.003682083896865671
    ],
    "eta_mean": 0.0
  },
  "v_e=0.83_dm=0.4": {
    "v_e": 0.8300000000000001,
    "delta_m": 0.4,
    "n_total": 1000,
    "n_penrose": 0,
    "p_penrose": 0.0,
    "ci_penrose": [
      0.0,
      0.003682083896865671
    ],
    "eta_mean": 0.0
  },
  "v_e=0.84_dm=0.1": {
    "v_e": 0.8400000000000001,
    "delta_m": 0.1,
    "n_total": 1000,
    "n_penrose": 0,
    "p_penrose": 0.0,
    "ci_penrose": [
      0.0,
      0.003682083896865671
    ],
    "eta_mean": 0.0
  },
  "v_e=0.84_dm=0.2": {
    "v_e": 0.8400000000000001,
    "delta_m": 0.2,
    "n_total": 1000,
    "n_penrose": 0,
    "p_penrose": 0.0,
    "ci_penrose": [
      0.0,
      0.003682083896865671
    ],
    "eta_mean": 0.0
  },
  "v_e=0.84_dm=0.3": {
    "v_e": 0.8400000000000001,
    "delta_m": 0.3,
    "n_total": 1000,
    "n_penrose": 0,
    "p_penrose": 0.0,
    "ci_penrose": [
      0.0,
      0.003682083896865671
    ],
    "eta_mean": 0.0
  },
  "v_e=0.84_dm=0.4": {
    "v_e": 0.8400000000000001,
    "delta_m": 0.4,
    "n_total": 1000,
    "n_penrose": 0,
    "p_penrose": 0.0,
    "ci_penrose": [
      0.0,
      0.003682083896865671
    ],
    "eta_mean": 0.0
  },
  "v_e=0.85_dm=0.1": {
    "v_e": 0.8500000000000001,
    "delta_m": 0.1,
    "n_total": 1000,
    "n_penrose": 0,
    "p_penrose": 0.0,
    "ci_penrose": [
      0.0,
      0.003682083896865671
    ],
    "eta_mean": 0.0
  },
  "v_e=0.85_dm=0.2": {
    "v_e": 0.8500000000000001,
    "delta_m": 0.2,
    "n_total": 1000,
    "n_penrose": 0,
    "p_penrose": 0.0,
    "ci_penrose": [
      0.0,
      0.003682083896865671
    ],
    "eta_mean": 0.0
  },
  "v_e=0.85_dm=0.3": {
    "v_e": 0.8500000000000001,
    "delta_m": 0.3,
    "n_total": 1000,
    "n_penrose": 0,
    "p_penrose": 0.0,
    "ci_penrose": [
      0.0,
      0.003682083896865671
    ],
    "eta_mean": 0.0
  },
  "v_e=0.85_dm=0.4": {
    "v_e": 0.8500000000000001,
    "delta_m": 0.4,
    "n_total": 1000,
    "n_penrose": 0,
    "p_penrose": 0.0,
    "ci_penrose": [
      0.0,
      0.003682083896865671
    ],
    "eta_mean": 0.0
  },
  "v_e=0.86_dm=0.1": {
    "v_e": 0.8600000000000001,
    "delta_m": 0.1,
    "n_total": 1000,
    "n_penrose": 0,
    "p_penrose": 0.0,
    "ci_penrose": [
      0.0,
      0.003682083896865671
    ],
    "eta_mean": 0.0
  },
  "v_e=0.86_dm=0.2": {
    "v_e": 0.8600000000000001,
    "delta_m": 0.2,
    "n_total": 1000,
    "n_penrose": 0,
    "p_penrose": 0.0,
    "ci_penrose": [
      0.0,
      0.003682083896865671
    ],
    "eta_mean": 0.0
  },
  "v_e=0.86_dm=0.3": {
    "v_e": 0.8600000000000001,
    "delta_m": 0.3,
    "n_total": 1000,
    "n_penrose": 0,
    "p_penrose": 0.0,
    "ci_penrose": [
      0.0,
      0.003682083896865671
    ],
    "eta_mean": 0.0
  },
  "v_e=0.86_dm=0.4": {
    "v_e": 0.8600000000000001,
    "delta_m": 0.4,
    "n_total": 1000,
    "n_penrose": 0,
    "p_penrose": 0.0,
    "ci_penrose": [
      0.0,
      0.003682083896865671
    ],
    "eta_mean": 0.0
  },
  "v_e=0.87_dm=0.1": {
    "v_e": 0.8700000000000001,
    "delta_m": 0.1,
    "n_total": 1000,
    "n_penrose": 0,
    "p_penrose": 0.0,
    "ci_penrose": [
      0.0,
      0.003682083896865671
    ],
    "eta_mean": 0.0
  },
  "v_e=0.87_dm=0.2": {
    "v_e": 0.8700000000000001,
    "delta_m": 0.2,
    "n_total": 1000,
    "n_penrose": 0,
    "p_penrose": 0.0,
    "ci_penrose": [
      0.0,
      0.003682083896865671
    ],
    "eta_mean": 0.0
  },
  "v_e=0.87_dm=0.3": {
    "v_e": 0.8700000000000001,
    "delta_m": 0.3,
    "n_total": 1000,
    "n_penrose": 0,
    "p_penrose": 0.0,
    "ci_penrose": [
      0.0,
      0.003682083896865671
    ],
    "eta_mean": 0.0
  },
  "v_e=0.87_dm=0.4": {
    "v_e": 0.8700000000000001,
    "delta_m": 0.4,
    "n_total": 1000,
    "n_penrose": 0,
    "p_penrose": 0.0,
    "ci_penrose": [
      0.0,
      0.003682083896865671
    ],
    "eta_mean": 0.0
  },
  "v_e=0.88_dm=0.1": {
    "v_e": 0.8800000000000001,
    "delta_m": 0.1,
    "n_total": 1000,
    "n_penrose": 0,
    "p_penrose": 0.0,
    "ci_penrose": [
      0.0,
      0.003682083896865671
    ],
    "eta_mean": 0.0
  },
  "v_e=0.88_dm=0.2": {
    "v_e": 0.8800000000000001,
    "delta_m": 0.2,
    "n_total": 1000,
    "n_penrose": 0,
    "p_penrose": 0.0,
    "ci_penrose": [
      0.0,
      0.003682083896865671
    ],
    "eta_mean": 0.0
  },
  "v_e=0.88_dm=0.3": {
    "v_e": 0.8800000000000001,
    "delta_m": 0.3,
    "n_total": 1000,
    "n_penrose": 0,
    "p_penrose": 0.0,
    "ci_penrose": [
      0.0,
      0.003682083896865671
    ],
    "eta_mean": 0.0
  },
  "v_e=0.88_dm=0.4": {
    "v_e": 0.8800000000000001,
    "delta_m": 0.4,
    "n_total": 1000,
    "n_penrose": 0,
    "p_penrose": 0.0,